{"mean":{"confidence_interval":{"confidence_level":0.95,"lower_bound":-0.04819370151103455,"upper_bound":-0.033038165721462696},"point_estimate":-0.04099311447455334,"standard_error":0.0038712482625947505},"median":{"confidence_interval":{"confidence_level":0.95,"lower_bound":-0.05157964073478505,"upper_bound":-0.03662388459391941},"point_estimate":-0.04307609719223915,"standard_error":0.003833926581664953}}