{"mean":{"confidence_interval":{"confidence_level":0.95,"lower_bound":-0.014744515044762822,"upper_bound":0.004006403818229962},"point_estimate":-0.00645335709861572,"standard_error":0.0047567877980646345},"median":{"confidence_interval":{"confidence_level":0.95,"lower_bound":-0.009289762166996618,"upper_bound":0.0033095723426884733},"point_estimate":-0.002075684729689997,"standard_error":0.0031150144685955085}}