{"mean":{"confidence_interval":{"confidence_level":0.95,"lower_bound":3056475.767274999,"upper_bound":3217832.507174999},"point_estimate":3134250.5789999985,"standard_error":41212.08276735012},"median":{"confidence_interval":{"confidence_level":0.95,"lower_bound":2924899.4,"upper_bound":2951114.675},"point_estimate":2932211.925,"standard_error":7994.6513817283185},"median_abs_dev":{"confidence_interval":{"confidence_level":0.95,"lower_bound":34769.266486096865,"upper_bound":69962.29896292063},"point_estimate":44614.472537934846,"standard_error":9845.131396679499},"slope":null,"std_dev":{"confidence_interval":{"confidence_level":0.95,"lower_bound":338669.0016838717,"upper_bound":469704.12038834934},"point_estimate":414516.7280839244,"standard_error":33528.55019213221}}