{"mean":{"confidence_interval":{"confidence_level":0.95,"lower_bound":2575628.197237501,"upper_bound":2599672.5820750003},"point_estimate":2587454.7600000007,"standard_error":6128.583351789751},"median":{"confidence_interval":{"confidence_level":0.95,"lower_bound":2560903.775,"upper_bound":2590163.55},"point_estimate":2573346.4,"standard_error":7980.598454957825},"median_abs_dev":{"confidence_interval":{"confidence_level":0.95,"lower_bound":44463.06201562258,"upper_bound":73585.32851859892},"point_estimate":60301.08449444195,"standard_error":7281.183032185388},"slope":null,"std_dev":{"confidence_interval":{"confidence_level":0.95,"lower_bound":51905.80899004812,"upper_bound":69751.2091109282},"point_estimate":61585.700757118146,"standard_error":4548.730883467053}}