{"mean":{"confidence_interval":{"confidence_level":0.95,"lower_bound":2624364.575078947,"upper_bound":2642790.0040526316},"point_estimate":2633470.345263157,"standard_error":4718.378628348275},"median":{"confidence_interval":{"confidence_level":0.95,"lower_bound":2614380.4210526315,"upper_bound":2642897.6842105263},"point_estimate":2625918.1315789474,"standard_error":8645.817357814733},"median_abs_dev":{"confidence_interval":{"confidence_level":0.95,"lower_bound":40719.647292871516,"upper_bound":63070.8953223729},"point_estimate":53070.719484122084,"standard_error":5524.5459701502605},"slope":null,"std_dev":{"confidence_interval":{"confidence_level":0.95,"lower_bound":41195.91208557852,"upper_bound":52319.017103529586},"point_estimate":47117.59346858114,"standard_error":2841.6869953502287}}