{"mean":{"confidence_interval":{"confidence_level":0.95,"lower_bound":39660.75509527586,"upper_bound":40010.14114775516},"point_estimate":39821.66043412433,"standard_error":89.58237869960183},"median":{"confidence_interval":{"confidence_level":0.95,"lower_bound":39514.56,"upper_bound":39837.42255737705},"point_estimate":39667.60051407589,"standard_error":103.5193111263883},"median_abs_dev":{"confidence_interval":{"confidence_level":0.95,"lower_bound":442.4906196964348,"upper_bound":712.9883388792406},"point_estimate":578.0856406492444,"standard_error":74.22249510342058},"slope":{"confidence_interval":{"confidence_level":0.95,"lower_bound":39624.62609243686,"upper_bound":39895.716123003425},"point_estimate":39758.04370764002,"standard_error":68.95376298436695},"std_dev":{"confidence_interval":{"confidence_level":0.95,"lower_bound":570.3405184786451,"upper_bound":1273.8774056671307},"point_estimate":904.1931507449603,"standard_error":200.504749507608}}