{"mean":{"confidence_interval":{"confidence_level":0.95,"lower_bound":0.0011358894856052261,"upper_bound":0.016557941001519215},"point_estimate":0.008459521089710709,"standard_error":0.0039748700627301094},"median":{"confidence_interval":{"confidence_level":0.95,"lower_bound":-0.002831161557597328,"upper_bound":0.012471045112218236},"point_estimate":0.0026421927591520067,"standard_error":0.003967077158122687}}