{"mean":{"confidence_interval":{"confidence_level":0.95,"lower_bound":-0.05872471718850858,"upper_bound":-0.04652482091017438},"point_estimate":-0.05280018130778641,"standard_error":0.0031122905372628763},"median":{"confidence_interval":{"confidence_level":0.95,"lower_bound":-0.05641500229186669,"upper_bound":-0.04501237510139261},"point_estimate":-0.050512265144749824,"standard_error":0.0028253770952293773}}