{"mean":{"confidence_interval":{"confidence_level":0.95,"lower_bound":-0.04138750987862816,"upper_bound":0.08386558311772126},"point_estimate":0.02029819301456337,"standard_error":0.031871713003844705},"median":{"confidence_interval":{"confidence_level":0.95,"lower_bound":-0.009601115798596571,"upper_bound":0.034942896799693465},"point_estimate":0.008199601384427213,"standard_error":0.01542656669280307}}