{"mean":{"confidence_interval":{"confidence_level":0.95,"lower_bound":-0.24796466460217284,"upper_bound":-0.19000087812674893},"point_estimate":-0.21809623353886198,"standard_error":0.014786619786494601},"median":{"confidence_interval":{"confidence_level":0.95,"lower_bound":-0.17444988484128,"upper_bound":-0.16442692736955503},"point_estimate":-0.169690664860756,"standard_error":0.0025334964915235013}}