{"mean":{"confidence_interval":{"confidence_level":0.95,"lower_bound":81308355.4,"upper_bound":82177295.95},"point_estimate":81721773.67,"standard_error":222351.33506694814},"median":{"confidence_interval":{"confidence_level":0.95,"lower_bound":80996616.5,"upper_bound":81836762.5},"point_estimate":81380639.5,"standard_error":262918.05396344425},"median_abs_dev":{"confidence_interval":{"confidence_level":0.95,"lower_bound":1194546.3660925627,"upper_bound":1864548.8614976406},"point_estimate":1589538.4271800518,"standard_error":172744.9558470598},"slope":null,"std_dev":{"confidence_interval":{"confidence_level":0.95,"lower_bound":1538113.9110596948,"upper_bound":2909020.2124342406},"point_estimate":2234058.997823442,"standard_error":357523.8176465798}}