{"mean":{"confidence_interval":{"confidence_level":0.95,"lower_bound":-0.030914536027721422,"upper_bound":-0.016351964816595267},"point_estimate":-0.0235062524133135,"standard_error":0.003728761814237794},"median":{"confidence_interval":{"confidence_level":0.95,"lower_bound":-0.02626138044830184,"upper_bound":-0.013984707101089788},"point_estimate":-0.019292550856214508,"standard_error":0.0031757830197432784}}