{"mean":{"confidence_interval":{"confidence_level":0.95,"lower_bound":-0.010978447847185824,"upper_bound":0.02978198921338079},"point_estimate":0.005790790189227124,"standard_error":0.01129432332369453},"median":{"confidence_interval":{"confidence_level":0.95,"lower_bound":-0.01742991213188505,"upper_bound":-0.006529947387443169},"point_estimate":-0.011222602167465956,"standard_error":0.0027347086906615073}}