{"mean":{"confidence_interval":{"confidence_level":0.95,"lower_bound":83976.27260569546,"upper_bound":84929.87392386376},"point_estimate":84385.65355916889,"standard_error":245.04712218400118},"median":{"confidence_interval":{"confidence_level":0.95,"lower_bound":83670.64555555556,"upper_bound":84102.0},"point_estimate":83872.75096815835,"standard_error":105.05562400072692},"median_abs_dev":{"confidence_interval":{"confidence_level":0.95,"lower_bound":605.4276936632705,"upper_bound":1213.9096860752015},"point_estimate":844.5113140842851,"standard_error":151.5145692899486},"slope":{"confidence_interval":{"confidence_level":0.95,"lower_bound":83865.44625573479,"upper_bound":84309.18312403972},"point_estimate":84076.09300699474,"standard_error":113.43140361972105},"std_dev":{"confidence_interval":{"confidence_level":0.95,"lower_bound":1214.2660235966032,"upper_bound":3777.4434533322788},"point_estimate":2462.1329890616635,"standard_error":801.2726523055511}}