{"mean":{"confidence_interval":{"confidence_level":0.95,"lower_bound":-0.03909696854736625,"upper_bound":-0.0008223064877677306},"point_estimate":-0.021186965790154,"standard_error":0.009763405477191792},"median":{"confidence_interval":{"confidence_level":0.95,"lower_bound":-0.033225824086595024,"upper_bound":-0.016006060774494957},"point_estimate":-0.02482297772730413,"standard_error":0.0043916395935524885}}