{"mean":{"confidence_interval":{"confidence_level":0.95,"lower_bound":-0.030352641824839016,"upper_bound":0.011723101545885252},"point_estimate":-0.009190640279854723,"standard_error":0.01076374764861417},"median":{"confidence_interval":{"confidence_level":0.95,"lower_bound":-0.01428772904310216,"upper_bound":-0.0004890625448134012},"point_estimate":-0.008130721005364494,"standard_error":0.0035811861180908545}}