{"mean":{"confidence_interval":{"confidence_level":0.95,"lower_bound":-0.0297925684208077,"upper_bound":0.01664510242314626},"point_estimate":-0.006701449082261557,"standard_error":0.011942672330312534},"median":{"confidence_interval":{"confidence_level":0.95,"lower_bound":-0.01905257106264968,"upper_bound":0.0016311491022718005},"point_estimate":-0.011208003027362468,"standard_error":0.005213993266781879}}