{"mean":{"confidence_interval":{"confidence_level":0.95,"lower_bound":0.20079567773589263,"upper_bound":0.2853374618159161},"point_estimate":0.2425682752739533,"standard_error":0.021382797629374468},"median":{"confidence_interval":{"confidence_level":0.95,"lower_bound":0.28303207147022746,"upper_bound":0.30344598361928043},"point_estimate":0.29343228103344576,"standard_error":0.005197899477656873}}