{"mean":{"confidence_interval":{"confidence_level":0.95,"lower_bound":2197114.936826087,"upper_bound":2215253.0953260865},"point_estimate":2206069.983913043,"standard_error":4641.709100176492},"median":{"confidence_interval":{"confidence_level":0.95,"lower_bound":2184199.0434782607,"upper_bound":2207755.1304347822},"point_estimate":2191460.5652173916,"standard_error":6207.714516198813},"median_abs_dev":{"confidence_interval":{"confidence_level":0.95,"lower_bound":32508.09940112641,"upper_bound":59937.00467503538},"point_estimate":45251.88416618342,"standard_error":6950.408589131145},"slope":null,"std_dev":{"confidence_interval":{"confidence_level":0.95,"lower_bound":40282.49980482223,"upper_bound":52105.64121925641},"point_estimate":46562.23571506658,"standard_error":3022.6052517605394}}