{"mean":{"confidence_interval":{"confidence_level":0.95,"lower_bound":2183899.7983478247,"upper_bound":2245019.278695652},"point_estimate":2206284.539130435,"standard_error":17497.135695709825},"median":{"confidence_interval":{"confidence_level":0.95,"lower_bound":2178602.152173913,"upper_bound":2194111.0869565215},"point_estimate":2185556.5,"standard_error":4103.598921479018},"median_abs_dev":{"confidence_interval":{"confidence_level":0.95,"lower_bound":28276.662384945354,"upper_bound":46187.952666956044},"point_estimate":36466.38348737493,"standard_error":4651.943079003782},"slope":null,"std_dev":{"confidence_interval":{"confidence_level":0.95,"lower_bound":31345.701324254907,"upper_bound":299481.00363848306},"point_estimate":176525.28356092327,"standard_error":94421.29467212727}}