{"mean":{"confidence_interval":{"confidence_level":0.95,"lower_bound":-0.05531277542514106,"upper_bound":-0.04302770046861791},"point_estimate":-0.04925273557242826,"standard_error":0.003143958167358104},"median":{"confidence_interval":{"confidence_level":0.95,"lower_bound":-0.0535526145796803,"upper_bound":-0.03898712354064526},"point_estimate":-0.047700992897947714,"standard_error":0.0037897398693036996}}