{"mean":{"confidence_interval":{"confidence_level":0.95,"lower_bound":0.004287683251539346,"upper_bound":0.02184199777505239},"point_estimate":0.012621222464912707,"standard_error":0.004431992559563339},"median":{"confidence_interval":{"confidence_level":0.95,"lower_bound":0.003828846539127184,"upper_bound":0.01665868174143026},"point_estimate":0.010728432447860481,"standard_error":0.0033363005937434393}}