{"mean":{"confidence_interval":{"confidence_level":0.95,"lower_bound":-0.044654070449864955,"upper_bound":-0.013066023547311498},"point_estimate":-0.02595038515850323,"standard_error":0.008306436024672995},"median":{"confidence_interval":{"confidence_level":0.95,"lower_bound":-0.025196528114772354,"upper_bound":-0.006917602593911054},"point_estimate":-0.014207214405013824,"standard_error":0.004828698944896777}}