{"mean":{"confidence_interval":{"confidence_level":0.95,"lower_bound":0.013070644218211209,"upper_bound":0.024710385719190524},"point_estimate":0.018630225438253323,"standard_error":0.002987256236644749},"median":{"confidence_interval":{"confidence_level":0.95,"lower_bound":0.011050011745703747,"upper_bound":0.026667240920105417},"point_estimate":0.01991763595799978,"standard_error":0.004009191663783512}}