{"mean":{"confidence_interval":{"confidence_level":0.95,"lower_bound":-0.0035597606746063186,"upper_bound":0.015912560991769856},"point_estimate":0.006532965232402876,"standard_error":0.004955258721696359},"median":{"confidence_interval":{"confidence_level":0.95,"lower_bound":0.007166219994929168,"upper_bound":0.01608788241779946},"point_estimate":0.012455229663235867,"standard_error":0.0023063573706319797}}