{"mean":{"confidence_interval":{"confidence_level":0.95,"lower_bound":-0.016170444934524807,"upper_bound":0.005863332203439925},"point_estimate":-0.005164166268553538,"standard_error":0.005577705719818599},"median":{"confidence_interval":{"confidence_level":0.95,"lower_bound":-0.007601380133876123,"upper_bound":0.0009742219139334818},"point_estimate":-0.0037288370284602745,"standard_error":0.0021844476488275793}}