{"mean":{"confidence_interval":{"confidence_level":0.95,"lower_bound":0.024104842472393247,"upper_bound":0.03390889848148692},"point_estimate":0.02921961730703626,"standard_error":0.0025009382605993085},"median":{"confidence_interval":{"confidence_level":0.95,"lower_bound":0.020422239256923103,"upper_bound":0.03280913781086792},"point_estimate":0.0265203999935133,"standard_error":0.0030450093524824135}}