{"mean":{"confidence_interval":{"confidence_level":0.95,"lower_bound":-0.044899589911841654,"upper_bound":-0.032863614062572336},"point_estimate":-0.03883667822485404,"standard_error":0.0030767230546759404},"median":{"confidence_interval":{"confidence_level":0.95,"lower_bound":-0.04379663216478302,"upper_bound":-0.032037558646844544},"point_estimate":-0.03809115416382325,"standard_error":0.0030848370147362626}}