{"mean":{"confidence_interval":{"confidence_level":0.95,"lower_bound":45403.64865483413,"upper_bound":45812.78017371182},"point_estimate":45610.11185646788,"standard_error":104.27353378467748},"median":{"confidence_interval":{"confidence_level":0.95,"lower_bound":45427.21473354232,"upper_bound":45887.101604278076},"point_estimate":45535.875,"standard_error":119.44350271376861},"median_abs_dev":{"confidence_interval":{"confidence_level":0.95,"lower_bound":796.0238108677515,"upper_bound":1301.7264567880584},"point_estimate":1079.331218310141,"standard_error":128.3552191004424},"slope":{"confidence_interval":{"confidence_level":0.95,"lower_bound":45332.89607048375,"upper_bound":45841.93116991804},"point_estimate":45588.25137888416,"standard_error":130.14713352602567},"std_dev":{"confidence_interval":{"confidence_level":0.95,"lower_bound":892.6270267767353,"upper_bound":1176.1798016913494},"point_estimate":1041.9366848369418,"standard_error":72.23859720496127}}