{"mean":{"confidence_interval":{"confidence_level":0.95,"lower_bound":21918.395098924182,"upper_bound":22221.52639677348},"point_estimate":22048.360264330182,"standard_error":78.40919107036366},"median":{"confidence_interval":{"confidence_level":0.95,"lower_bound":21975.557058267404,"upper_bound":22118.369444444445},"point_estimate":22049.819516845644,"standard_error":33.28657423672269},"median_abs_dev":{"confidence_interval":{"confidence_level":0.95,"lower_bound":270.0365444324296,"upper_bound":555.077322085915},"point_estimate":386.02107825928124,"standard_error":73.79675375960251},"slope":{"confidence_interval":{"confidence_level":0.95,"lower_bound":21983.8943784354,"upper_bound":22144.798542268454},"point_estimate":22066.970825936325,"standard_error":41.00877753881122},"std_dev":{"confidence_interval":{"confidence_level":0.95,"lower_bound":383.0049464341305,"upper_bound":1225.9286039815859},"point_estimate":787.2659786257768,"standard_error":272.0548776189541}}