{"mean":{"confidence_interval":{"confidence_level":0.95,"lower_bound":-0.03556610607800345,"upper_bound":-0.00639711745286726},"point_estimate":-0.017846240228689747,"standard_error":0.007854435134881953},"median":{"confidence_interval":{"confidence_level":0.95,"lower_bound":-0.01904721255666697,"upper_bound":-0.002687182588012149},"point_estimate":-0.007692750817770766,"standard_error":0.004133884789203545}}