{"mean":{"confidence_interval":{"confidence_level":0.95,"lower_bound":0.024984477907041638,"upper_bound":0.05449203038992577},"point_estimate":0.04335421745612145,"standard_error":0.008328163709257867},"median":{"confidence_interval":{"confidence_level":0.95,"lower_bound":0.04893634701856464,"upper_bound":0.05664392696216369},"point_estimate":0.05165862685464795,"standard_error":0.002002262185308285}}