{"mean":{"confidence_interval":{"confidence_level":0.95,"lower_bound":2431079.1706931815,"upper_bound":2554991.959011364},"point_estimate":2485826.974545455,"standard_error":31847.750930134996},"median":{"confidence_interval":{"confidence_level":0.95,"lower_bound":2383278.909090909,"upper_bound":2415755.4545454546},"point_estimate":2404180.0227272725,"standard_error":7709.667725679984},"median_abs_dev":{"confidence_interval":{"confidence_level":0.95,"lower_bound":40349.05937002489,"upper_bound":65203.39902422667},"point_estimate":55377.838348664896,"standard_error":6428.276383007764},"slope":null,"std_dev":{"confidence_interval":{"confidence_level":0.95,"lower_bound":158985.19473975422,"upper_bound":475808.75077682524},"point_estimate":320860.4557782664,"standard_error":89282.98487981882}}