{"mean":{"confidence_interval":{"confidence_level":0.95,"lower_bound":81250464.7,"upper_bound":81932193.43},"point_estimate":81588195.96,"standard_error":174883.95505550157},"median":{"confidence_interval":{"confidence_level":0.95,"lower_bound":81233866.0,"upper_bound":81918357.5},"point_estimate":81689447.5,"standard_error":183314.39009723644},"median_abs_dev":{"confidence_interval":{"confidence_level":0.95,"lower_bound":1331772.1131563187,"upper_bound":2211889.418131113},"point_estimate":1702324.99627769,"standard_error":214496.4052331931},"slope":null,"std_dev":{"confidence_interval":{"confidence_level":0.95,"lower_bound":1512414.7357914129,"upper_bound":2028233.5693737536},"point_estimate":1777401.941256326,"standard_error":132274.04947181893}}