{"mean":{"confidence_interval":{"confidence_level":0.95,"lower_bound":-0.025586113966302695,"upper_bound":0.06428464242865665},"point_estimate":0.018411695970031117,"standard_error":0.022953580144211828},"median":{"confidence_interval":{"confidence_level":0.95,"lower_bound":0.011044511550966973,"upper_bound":0.02768005692061114},"point_estimate":0.01926098440555024,"standard_error":0.004352136389104006}}