{"mean":{"confidence_interval":{"confidence_level":0.95,"lower_bound":-0.08960976541827967,"upper_bound":-0.02896830208859376},"point_estimate":-0.05778667584796682,"standard_error":0.015493443742803965},"median":{"confidence_interval":{"confidence_level":0.95,"lower_bound":-0.005513985755825734,"upper_bound":0.009397604860007291},"point_estimate":0.003776251294792976,"standard_error":0.003845878229247059}}