{"mean":{"confidence_interval":{"confidence_level":0.95,"lower_bound":-0.03590823292780247,"upper_bound":-0.02382402345615008},"point_estimate":-0.029792804197802614,"standard_error":0.0030812385314453335},"median":{"confidence_interval":{"confidence_level":0.95,"lower_bound":-0.03290577774814816,"upper_bound":-0.020695678977962872},"point_estimate":-0.02710355687178001,"standard_error":0.003081683915051839}}