{"mean":{"confidence_interval":{"confidence_level":0.95,"lower_bound":0.00471128677365007,"upper_bound":0.013657759850596722},"point_estimate":0.00916610545580343,"standard_error":0.0022812450274260487},"median":{"confidence_interval":{"confidence_level":0.95,"lower_bound":0.0023547574038884633,"upper_bound":0.011523432782772458},"point_estimate":0.0067469497017871305,"standard_error":0.0023393825243180795}}