{"mean":{"confidence_interval":{"confidence_level":0.95,"lower_bound":0.006037356051690629,"upper_bound":0.05823644218655105},"point_estimate":0.027009327338066713,"standard_error":0.013941196382504087},"median":{"confidence_interval":{"confidence_level":0.95,"lower_bound":-0.0005948483050963754,"upper_bound":0.014779128245740125},"point_estimate":0.00476781261394521,"standard_error":0.003827177103707634}}