{"mean":{"confidence_interval":{"confidence_level":0.95,"lower_bound":-0.011830901148912953,"upper_bound":0.026687432149273667},"point_estimate":0.004634317258252807,"standard_error":0.01005804117558368},"median":{"confidence_interval":{"confidence_level":0.95,"lower_bound":-0.006917182077808413,"upper_bound":0.0036740725937198793},"point_estimate":-0.0007937981630420365,"standard_error":0.0027330844160030365}}