{"mean":{"confidence_interval":{"confidence_level":0.95,"lower_bound":-0.05603366417658928,"upper_bound":0.049845151288260524},"point_estimate":-0.002725640389975248,"standard_error":0.026907989290383086},"median":{"confidence_interval":{"confidence_level":0.95,"lower_bound":-0.008011459262419085,"upper_bound":0.007255567568690058},"point_estimate":-0.002092322810358649,"standard_error":0.003884692949475457}}