{"mean":{"confidence_interval":{"confidence_level":0.95,"lower_bound":-0.08112998600128649,"upper_bound":-0.008448275632559092},"point_estimate":-0.04252304569608922,"standard_error":0.0186587412084598},"median":{"confidence_interval":{"confidence_level":0.95,"lower_bound":-0.0012340278541040917,"upper_bound":0.011981001798449409},"point_estimate":0.00564185835857689,"standard_error":0.0034054115491162235}}