{"mean":{"confidence_interval":{"confidence_level":0.95,"lower_bound":-0.021397768782908506,"upper_bound":-0.013730862951427869},"point_estimate":-0.017443489068422302,"standard_error":0.0019517095905920274},"median":{"confidence_interval":{"confidence_level":0.95,"lower_bound":-0.018233076788022107,"upper_bound":-0.012792233453877108},"point_estimate":-0.014620952704277101,"standard_error":0.0013783002483197596}}