{"mean":{"confidence_interval":{"confidence_level":0.95,"lower_bound":-0.03531572200649642,"upper_bound":-0.02981018267548583},"point_estimate":-0.03262378721871062,"standard_error":0.001403836347376395},"median":{"confidence_interval":{"confidence_level":0.95,"lower_bound":-0.036081646191249206,"upper_bound":-0.029436930867218103},"point_estimate":-0.03271444667125123,"standard_error":0.0017341609986493243}}