{"mean":{"confidence_interval":{"confidence_level":0.95,"lower_bound":-0.03118474421907172,"upper_bound":-0.02025643410599672},"point_estimate":-0.025685375382675124,"standard_error":0.002780827812809763},"median":{"confidence_interval":{"confidence_level":0.95,"lower_bound":-0.033643866622583785,"upper_bound":-0.01771771430897895},"point_estimate":-0.025043778041246134,"standard_error":0.00426718066603809}}