{"mean":{"confidence_interval":{"confidence_level":0.95,"lower_bound":0.008538000869560386,"upper_bound":0.02469609902068325},"point_estimate":0.016706500843806982,"standard_error":0.004233811848413225},"median":{"confidence_interval":{"confidence_level":0.95,"lower_bound":-0.0008946844462736626,"upper_bound":0.012126366686723573},"point_estimate":0.0048146530716830505,"standard_error":0.003249007056839053}}