{"mean":{"confidence_interval":{"confidence_level":0.95,"lower_bound":-0.0057626747484126216,"upper_bound":0.010449669134994805},"point_estimate":0.001197328813375309,"standard_error":0.004184998723662292},"median":{"confidence_interval":{"confidence_level":0.95,"lower_bound":-0.007930282170248078,"upper_bound":0.0015524529669639353},"point_estimate":-0.0021302809555799884,"standard_error":0.002483901981289139}}