{"mean":{"confidence_interval":{"confidence_level":0.95,"lower_bound":-0.040137471740054186,"upper_bound":-0.027738919625473445},"point_estimate":-0.033319648541417446,"standard_error":0.0031740744893995073},"median":{"confidence_interval":{"confidence_level":0.95,"lower_bound":-0.03710341694266528,"upper_bound":-0.02674243872077231},"point_estimate":-0.032834337137423786,"standard_error":0.0027048118549484286}}