{"mean":{"confidence_interval":{"confidence_level":0.95,"lower_bound":-0.06708587605709071,"upper_bound":-0.044237286438194946},"point_estimate":-0.056419497655442186,"standard_error":0.006000459709830023},"median":{"confidence_interval":{"confidence_level":0.95,"lower_bound":-0.047289949697376765,"upper_bound":-0.02906944408913137},"point_estimate":-0.03793703385001279,"standard_error":0.004866692076302466}}