{"mean":{"confidence_interval":{"confidence_level":0.95,"lower_bound":0.024782816377948668,"upper_bound":0.07165410333538087},"point_estimate":0.045828696875925834,"standard_error":0.012384062213095001},"median":{"confidence_interval":{"confidence_level":0.95,"lower_bound":0.006959703535512398,"upper_bound":0.017958693053937335},"point_estimate":0.012104901303975124,"standard_error":0.0027428116319769594}}