{"mean":{"confidence_interval":{"confidence_level":0.95,"lower_bound":2167200.457913044,"upper_bound":2184932.660804348},"point_estimate":2175824.025652173,"standard_error":4527.955726165118},"median":{"confidence_interval":{"confidence_level":0.95,"lower_bound":2150557.8695652173,"upper_bound":2178580.5869565215},"point_estimate":2167620.3913043477,"standard_error":7322.556035099512},"median_abs_dev":{"confidence_interval":{"confidence_level":0.95,"lower_bound":28331.647505708286,"upper_bound":54312.14929663633},"point_estimate":40576.44068831975,"standard_error":6546.654081771263},"slope":null,"std_dev":{"confidence_interval":{"confidence_level":0.95,"lower_bound":38041.78758064998,"upper_bound":52255.762728249494},"point_estimate":45566.51808464392,"standard_error":3620.731826201054}}