{"mean":{"confidence_interval":{"confidence_level":0.95,"lower_bound":2193017.572271739,"upper_bound":2209137.7196195647},"point_estimate":2200910.830434782,"standard_error":4111.022249464413},"median":{"confidence_interval":{"confidence_level":0.95,"lower_bound":2186546.304347826,"upper_bound":2206999.565217391},"point_estimate":2195583.0869565215,"standard_error":5168.591697488789},"median_abs_dev":{"confidence_interval":{"confidence_level":0.95,"lower_bound":30700.142057463614,"upper_bound":48367.98942379639},"point_estimate":40610.28264424071,"standard_error":4694.494279362832},"slope":null,"std_dev":{"confidence_interval":{"confidence_level":0.95,"lower_bound":34260.310804332854,"upper_bound":48615.263010146635},"point_estimate":41461.4881480754,"standard_error":3698.3511491410204}}