{"mean":{"confidence_interval":{"confidence_level":0.95,"lower_bound":-0.03402402231669138,"upper_bound":0.07758593994647284},"point_estimate":0.009143591230345915,"standard_error":0.030252403099156486},"median":{"confidence_interval":{"confidence_level":0.95,"lower_bound":-0.025608978987651465,"upper_bound":-0.011595781514328052},"point_estimate":-0.019125047821128227,"standard_error":0.0037615182277374974}}