{"mean":{"confidence_interval":{"confidence_level":0.95,"lower_bound":-0.043982510143643565,"upper_bound":0.00754884600623996},"point_estimate":-0.01770837190252672,"standard_error":0.013055083777852399},"median":{"confidence_interval":{"confidence_level":0.95,"lower_bound":-0.0172317242584491,"upper_bound":-0.004971695262014686},"point_estimate":-0.013121969743710493,"standard_error":0.003189102789091831}}