{"mean":{"confidence_interval":{"confidence_level":0.95,"lower_bound":0.004317167323214299,"upper_bound":0.013101005804600581},"point_estimate":0.008656442547146703,"standard_error":0.0022383274219498037},"median":{"confidence_interval":{"confidence_level":0.95,"lower_bound":0.004236884643068928,"upper_bound":0.013611504888249248},"point_estimate":0.008502384097899496,"standard_error":0.002567062278948612}}