{"mean":{"confidence_interval":{"confidence_level":0.95,"lower_bound":0.012922906724515994,"upper_bound":0.020985932413485536},"point_estimate":0.016877977100338004,"standard_error":0.002064390014948465},"median":{"confidence_interval":{"confidence_level":0.95,"lower_bound":0.011725209841195072,"upper_bound":0.02537078779132762},"point_estimate":0.01967695082012,"standard_error":0.0035827066102558465}}