{"mean":{"confidence_interval":{"confidence_level":0.95,"lower_bound":4100323.182442308,"upper_bound":4142436.5748269227},"point_estimate":4120690.2815384604,"standard_error":10755.537746249087},"median":{"confidence_interval":{"confidence_level":0.95,"lower_bound":4075654.6153846155,"upper_bound":4120373.769230769},"point_estimate":4102690.1153846155,"standard_error":12235.291163001442},"median_abs_dev":{"confidence_interval":{"confidence_level":0.95,"lower_bound":66931.74771941673,"upper_bound":111288.00266270486},"point_estimate":85627.84659518673,"standard_error":11154.992845620525},"slope":null,"std_dev":{"confidence_interval":{"confidence_level":0.95,"lower_bound":87055.52915786211,"upper_bound":125584.25415429205},"point_estimate":107739.80232276494,"standard_error":9825.416061958722}}