{"mean":{"confidence_interval":{"confidence_level":0.95,"lower_bound":-0.03157954025500612,"upper_bound":-0.02071457097005638},"point_estimate":-0.025909859186966977,"standard_error":0.0027779080838452133},"median":{"confidence_interval":{"confidence_level":0.95,"lower_bound":-0.032317817282588535,"upper_bound":-0.019811165339469472},"point_estimate":-0.026623915179454283,"standard_error":0.0033487109894481423}}