{"mean":{"confidence_interval":{"confidence_level":0.95,"lower_bound":0.03015725506267523,"upper_bound":0.04213340768755104},"point_estimate":0.035781076689029856,"standard_error":0.0030760268937963186},"median":{"confidence_interval":{"confidence_level":0.95,"lower_bound":0.026630478918170178,"upper_bound":0.038118898212704755},"point_estimate":0.031755065849874864,"standard_error":0.0029691795586439464}}