{"mean":{"confidence_interval":{"confidence_level":0.95,"lower_bound":-0.011977041999339147,"upper_bound":0.021726308674787524},"point_estimate":0.0005233915180788973,"standard_error":0.008894107885736083},"median":{"confidence_interval":{"confidence_level":0.95,"lower_bound":-0.013368044177457294,"upper_bound":0.0004860017259571414},"point_estimate":-0.007903413933695091,"standard_error":0.0033843881258374723}}