{"mean":{"confidence_interval":{"confidence_level":0.95,"lower_bound":-0.00060853802745383,"upper_bound":0.012989556506962815},"point_estimate":0.00630766090148005,"standard_error":0.003462473609284674},"median":{"confidence_interval":{"confidence_level":0.95,"lower_bound":-0.002656877702824967,"upper_bound":0.015854734332425124},"point_estimate":0.0062589873766421,"standard_error":0.00484578281256276}}