{"mean":{"confidence_interval":{"confidence_level":0.95,"lower_bound":2448287.630960527,"upper_bound":2466236.240513157},"point_estimate":2456833.5642105266,"standard_error":4580.722669768},"median":{"confidence_interval":{"confidence_level":0.95,"lower_bound":2444067.3684210526,"upper_bound":2455137.6842105263},"point_estimate":2449549.0,"standard_error":2997.415010905484},"median_abs_dev":{"confidence_interval":{"confidence_level":0.95,"lower_bound":27505.584869573137,"upper_bound":49856.05258329929},"point_estimate":37787.64978176686,"standard_error":6008.031506379716},"slope":null,"std_dev":{"confidence_interval":{"confidence_level":0.95,"lower_bound":34145.501049817714,"upper_bound":58536.55747274466},"point_estimate":45965.46616310006,"standard_error":6381.42931352482}}