{"mean":{"confidence_interval":{"confidence_level":0.95,"lower_bound":2710611.5270250007,"upper_bound":2947130.7671250007},"point_estimate":2823353.7774999994,"standard_error":60473.15533521671},"median":{"confidence_interval":{"confidence_level":0.95,"lower_bound":2467385.25,"upper_bound":2539974.45},"point_estimate":2482088.375,"standard_error":39194.45430257253},"median_abs_dev":{"confidence_interval":{"confidence_level":0.95,"lower_bound":56433.79659310011,"upper_bound":196414.8074479406},"point_estimate":87089.25679385649,"standard_error":55901.220199677475},"slope":null,"std_dev":{"confidence_interval":{"confidence_level":0.95,"lower_bound":447645.5518157554,"upper_bound":742159.9388043833},"point_estimate":605855.1282901275,"standard_error":75412.12563912616}}