{"mean":{"confidence_interval":{"confidence_level":0.95,"lower_bound":-0.0670641196405915,"upper_bound":-0.05203431675842253},"point_estimate":-0.05931764767346426,"standard_error":0.003832807453239893},"median":{"confidence_interval":{"confidence_level":0.95,"lower_bound":-0.05923383682235339,"upper_bound":-0.048585684366815464},"point_estimate":-0.05385145759411658,"standard_error":0.0027709015738139556}}