{"mean":{"confidence_interval":{"confidence_level":0.95,"lower_bound":-0.005417092614706652,"upper_bound":0.009766021338010175},"point_estimate":0.0021274372119164386,"standard_error":0.003843385100332373},"median":{"confidence_interval":{"confidence_level":0.95,"lower_bound":-0.00585592403990276,"upper_bound":0.006793285900131618},"point_estimate":0.00043405089284842546,"standard_error":0.0032358108965024296}}