{"mean":{"confidence_interval":{"confidence_level":0.95,"lower_bound":-0.027389153164088107,"upper_bound":0.008968894593634497},"point_estimate":-0.010038801947916398,"standard_error":0.009229256073480501},"median":{"confidence_interval":{"confidence_level":0.95,"lower_bound":-0.016665698632134074,"upper_bound":-0.000562776490395045},"point_estimate":-0.01293403367467405,"standard_error":0.004120025416700028}}