{"mean":{"confidence_interval":{"confidence_level":0.95,"lower_bound":-0.00014438305090624264,"upper_bound":0.044811358434496074},"point_estimate":0.01919282834289171,"standard_error":0.011431305001296964},"median":{"confidence_interval":{"confidence_level":0.95,"lower_bound":0.0029294116764178035,"upper_bound":0.01846705497412726},"point_estimate":0.008619869333899466,"standard_error":0.003911929325290616}}