{"mean":{"confidence_interval":{"confidence_level":0.95,"lower_bound":0.01760726923253606,"upper_bound":0.02696647263301414},"point_estimate":0.02213721927387291,"standard_error":0.0023733745036636587},"median":{"confidence_interval":{"confidence_level":0.95,"lower_bound":0.01311734496547208,"upper_bound":0.025403961194135016},"point_estimate":0.018792737607741694,"standard_error":0.0030686081596572232}}