{"mean":{"confidence_interval":{"confidence_level":0.95,"lower_bound":-0.0033120015688174187,"upper_bound":0.00849218397292551},"point_estimate":0.0027638858624285945,"standard_error":0.0030501590330590162},"median":{"confidence_interval":{"confidence_level":0.95,"lower_bound":-0.008042093777410608,"upper_bound":0.005385649660289316},"point_estimate":0.0006464665552150528,"standard_error":0.003547737892001648}}