{"mean":{"confidence_interval":{"confidence_level":0.95,"lower_bound":2298075.0771428575,"upper_bound":2340027.2802976193},"point_estimate":2317603.8828571434,"standard_error":10703.298172801342},"median":{"confidence_interval":{"confidence_level":0.95,"lower_bound":2273493.0,"upper_bound":2299487.595238095},"point_estimate":2288537.4523809524,"standard_error":6115.858479913209},"median_abs_dev":{"confidence_interval":{"confidence_level":0.95,"lower_bound":41663.530260324595,"upper_bound":74932.04996969056},"point_estimate":56750.85589247066,"standard_error":8165.918180045146},"slope":null,"std_dev":{"confidence_interval":{"confidence_level":0.95,"lower_bound":69292.5730852141,"upper_bound":143034.6124702138},"point_estimate":107610.12150910933,"standard_error":19130.230596636116}}