{"mean":{"confidence_interval":{"confidence_level":0.95,"lower_bound":0.004634937885178942,"upper_bound":0.014554127986343621},"point_estimate":0.009623449379937421,"standard_error":0.0025416713458858674},"median":{"confidence_interval":{"confidence_level":0.95,"lower_bound":0.004371400751789212,"upper_bound":0.01538703281620557},"point_estimate":0.008009837154719923,"standard_error":0.002821064769714077}}