{"mean":{"confidence_interval":{"confidence_level":0.95,"lower_bound":-0.016924733437061683,"upper_bound":0.01246035293126746},"point_estimate":-0.005553785734382366,"standard_error":0.007923688794313767},"median":{"confidence_interval":{"confidence_level":0.95,"lower_bound":-0.017151679453765056,"upper_bound":-0.007142492946276446},"point_estimate":-0.01289647223466206,"standard_error":0.0025529570539330974}}