{"mean":{"confidence_interval":{"confidence_level":0.95,"lower_bound":2589144.3279285706,"upper_bound":2646371.534940476},"point_estimate":2618434.128095238,"standard_error":14640.99245594433},"median":{"confidence_interval":{"confidence_level":0.95,"lower_bound":2640528.380952381,"upper_bound":2677835.1428571427},"point_estimate":2659124.023809524,"standard_error":11136.775496704804},"median_abs_dev":{"confidence_interval":{"confidence_level":0.95,"lower_bound":50495.519503525305,"upper_bound":87027.02995496147},"point_estimate":68917.9537764617,"standard_error":9202.760252744189},"slope":null,"std_dev":{"confidence_interval":{"confidence_level":0.95,"lower_bound":120380.9997886017,"upper_bound":167685.04804755584},"point_estimate":146926.69787075566,"standard_error":12117.497436401507}}