{"mean":{"confidence_interval":{"confidence_level":0.95,"lower_bound":0.011107906131515377,"upper_bound":0.06596799406447115},"point_estimate":0.03437448283226496,"standard_error":0.013996971588339955},"median":{"confidence_interval":{"confidence_level":0.95,"lower_bound":0.009657206114583587,"upper_bound":0.014917838323648491},"point_estimate":0.012543158462763548,"standard_error":0.001281377814072991}}