{"mean":{"confidence_interval":{"confidence_level":0.95,"lower_bound":-0.017308766361862807,"upper_bound":0.004886332414213987},"point_estimate":-0.006208372293871944,"standard_error":0.005641066828191542},"median":{"confidence_interval":{"confidence_level":0.95,"lower_bound":-0.00670305470147917,"upper_bound":-0.0002308722310409017},"point_estimate":-0.0032845966472806465,"standard_error":0.0016345875880664671}}