{"mean":{"confidence_interval":{"confidence_level":0.95,"lower_bound":-0.012905777800832716,"upper_bound":-0.004342713206673842},"point_estimate":-0.00850985683864025,"standard_error":0.002172814179842105},"median":{"confidence_interval":{"confidence_level":0.95,"lower_bound":-0.012621417785248723,"upper_bound":-0.004711556919627213},"point_estimate":-0.008205965203183951,"standard_error":0.0019017973160093012}}