{"mean":{"confidence_interval":{"confidence_level":0.95,"lower_bound":-0.003151168989414921,"upper_bound":0.008702731703713747},"point_estimate":0.002792595648680951,"standard_error":0.0030251952276002733},"median":{"confidence_interval":{"confidence_level":0.95,"lower_bound":-0.0022920674700226407,"upper_bound":0.013067262307050687},"point_estimate":0.005871359720587277,"standard_error":0.00378749088618424}}