{"mean":{"confidence_interval":{"confidence_level":0.95,"lower_bound":2892539.515625,"upper_bound":3086008.8930972223},"point_estimate":2981343.5911111105,"standard_error":49584.1550664133},"median":{"confidence_interval":{"confidence_level":0.95,"lower_bound":2810611.472222222,"upper_bound":2841310.277777778},"point_estimate":2825252.055555556,"standard_error":8698.89058820372},"median_abs_dev":{"confidence_interval":{"confidence_level":0.95,"lower_bound":44527.08974281966,"upper_bound":90933.99270226574},"point_estimate":70544.94839757693,"standard_error":12318.590621433008},"slope":null,"std_dev":{"confidence_interval":{"confidence_level":0.95,"lower_bound":285452.21098776767,"upper_bound":661451.9150242847},"point_estimate":499182.1602621683,"standard_error":96056.66399169892}}