{"mean":{"confidence_interval":{"confidence_level":0.95,"lower_bound":2788596.1090147058,"upper_bound":2818516.9920441173},"point_estimate":2802879.687647058,"standard_error":7662.423562271761},"median":{"confidence_interval":{"confidence_level":0.95,"lower_bound":2767199.2352941176,"upper_bound":2799938.7352941176},"point_estimate":2783035.147058823,"standard_error":7261.963785029473},"median_abs_dev":{"confidence_interval":{"confidence_level":0.95,"lower_bound":38762.663523590185,"upper_bound":69613.69065249218},"point_estimate":51043.34434674006,"standard_error":7824.6588061634875},"slope":null,"std_dev":{"confidence_interval":{"confidence_level":0.95,"lower_bound":56887.91766090076,"upper_bound":97115.079636198},"point_estimate":76928.03767322439,"standard_error":10432.44376740826}}