{"mean":{"confidence_interval":{"confidence_level":0.95,"lower_bound":3023192.469955882,"upper_bound":3038927.3776470586},"point_estimate":3030859.708235293,"standard_error":4018.247674657356},"median":{"confidence_interval":{"confidence_level":0.95,"lower_bound":3017670.0588235296,"upper_bound":3032967.588235294},"point_estimate":3028207.205882353,"standard_error":4658.805395027888},"median_abs_dev":{"confidence_interval":{"confidence_level":0.95,"lower_bound":22311.26436227811,"upper_bound":47230.14082032081},"point_estimate":32246.985486324993,"standard_error":6688.880998816413},"slope":null,"std_dev":{"confidence_interval":{"confidence_level":0.95,"lower_bound":32902.18032551992,"upper_bound":48100.56016783482},"point_estimate":40433.95019689997,"standard_error":3897.6462842340484}}