{"mean":{"confidence_interval":{"confidence_level":0.95,"lower_bound":3020095.398573529,"upper_bound":3095331.846132353},"point_estimate":3046732.4435294117,"standard_error":22740.656528039566},"median":{"confidence_interval":{"confidence_level":0.95,"lower_bound":3013341.176470588,"upper_bound":3024905.9411764704},"point_estimate":3015726.823529412,"standard_error":2833.453597531307},"median_abs_dev":{"confidence_interval":{"confidence_level":0.95,"lower_bound":14024.305603960407,"upper_bound":23895.630652238382},"point_estimate":18117.894948931178,"standard_error":2526.567265858713},"slope":null,"std_dev":{"confidence_interval":{"confidence_level":0.95,"lower_bound":21714.203652184155,"upper_bound":390234.37365076604},"point_estimate":228410.7280702091,"standard_error":131202.98255202375}}