{"mean":{"confidence_interval":{"confidence_level":0.95,"lower_bound":2268909.1405652165,"upper_bound":2447422.8728152183},"point_estimate":2348024.146956522,"standard_error":45994.69833396812},"median":{"confidence_interval":{"confidence_level":0.95,"lower_bound":2225962.195652174,"upper_bound":2240734.304347826},"point_estimate":2236402.4565217393,"standard_error":3257.095960195146},"median_abs_dev":{"confidence_interval":{"confidence_level":0.95,"lower_bound":29874.486160925928,"upper_bound":51230.50079047714},"point_estimate":38311.80145896017,"standard_error":5575.16132429546},"slope":null,"std_dev":{"confidence_interval":{"confidence_level":0.95,"lower_bound":164917.7902236031,"upper_bound":658587.6869340574},"point_estimate":461960.51034878514,"standard_error":118512.55645176546}}