{"mean":{"confidence_interval":{"confidence_level":0.95,"lower_bound":2251080.333613636,"upper_bound":2269817.837636363},"point_estimate":2260287.516363636,"standard_error":4769.903939539661},"median":{"confidence_interval":{"confidence_level":0.95,"lower_bound":2244512.272727273,"upper_bound":2265152.909090909},"point_estimate":2255609.5,"standard_error":4842.136495010331},"median_abs_dev":{"confidence_interval":{"confidence_level":0.95,"lower_bound":36034.96301025152,"upper_bound":60977.41627652509},"point_estimate":47500.515124879224,"standard_error":6394.654329744198},"slope":null,"std_dev":{"confidence_interval":{"confidence_level":0.95,"lower_bound":40654.5677922347,"upper_bound":55090.383866488235},"point_estimate":48060.13326873581,"standard_error":3680.8002717808045}}