{"mean":{"confidence_interval":{"confidence_level":0.95,"lower_bound":-0.013122820206319392,"upper_bound":0.05419575595143927},"point_estimate":0.010021857445500437,"standard_error":0.01749567314854735},"median":{"confidence_interval":{"confidence_level":0.95,"lower_bound":-0.012020373034756449,"upper_bound":-0.0043676935523431215},"point_estimate":-0.009055228501847146,"standard_error":0.0019921925836830384}}