{"mean":{"confidence_interval":{"confidence_level":0.95,"lower_bound":-0.027020271103114234,"upper_bound":0.00962796839409661},"point_estimate":-0.007855876209022061,"standard_error":0.00930381052002073},"median":{"confidence_interval":{"confidence_level":0.95,"lower_bound":-0.0034720853130750795,"upper_bound":0.006870783993747187},"point_estimate":0.0007361302630735089,"standard_error":0.0025039124288279073}}