{"mean":{"confidence_interval":{"confidence_level":0.95,"lower_bound":-0.027549895855556464,"upper_bound":0.02008011448888823},"point_estimate":0.00020898524243784244,"standard_error":0.01243369768477199},"median":{"confidence_interval":{"confidence_level":0.95,"lower_bound":-0.0027415065752446344,"upper_bound":0.013027209504478424},"point_estimate":0.0060289577153953555,"standard_error":0.0038449320149380475}}