{"mean":{"confidence_interval":{"confidence_level":0.95,"lower_bound":-0.06489153382412756,"upper_bound":0.053982216170707344},"point_estimate":-0.008850698320316153,"standard_error":0.030279636879639176},"median":{"confidence_interval":{"confidence_level":0.95,"lower_bound":-0.007242706332224935,"upper_bound":0.006546581628399162},"point_estimate":-0.0002785534982900906,"standard_error":0.0034513484859829517}}