{"mean":{"confidence_interval":{"confidence_level":0.95,"lower_bound":0.01898730971588223,"upper_bound":0.029597169919566558},"point_estimate":0.02422930418291047,"standard_error":0.0027005910955167243},"median":{"confidence_interval":{"confidence_level":0.95,"lower_bound":0.014907833280793925,"upper_bound":0.031567122325214525},"point_estimate":0.02177964403686916,"standard_error":0.004263447764096774}}