{"mean":{"confidence_interval":{"confidence_level":0.95,"lower_bound":-0.04811529090095282,"upper_bound":-0.03586069638903782},"point_estimate":-0.04171239946621097,"standard_error":0.003130921874366152},"median":{"confidence_interval":{"confidence_level":0.95,"lower_bound":-0.04399613513575102,"upper_bound":-0.03537671953159105},"point_estimate":-0.038657069089060525,"standard_error":0.0022264582363569715}}