{"mean":{"confidence_interval":{"confidence_level":0.95,"lower_bound":-0.05466414485713563,"upper_bound":0.00954416082191368},"point_estimate":-0.018131047204278605,"standard_error":0.016300989909067233},"median":{"confidence_interval":{"confidence_level":0.95,"lower_bound":-0.02311248529722343,"upper_bound":-0.0059477224045560995},"point_estimate":-0.015318026042151378,"standard_error":0.004536481042172646}}