{"mean":{"confidence_interval":{"confidence_level":0.95,"lower_bound":-0.007071841307236209,"upper_bound":0.0021919967699276562},"point_estimate":-0.0024466332408636937,"standard_error":0.00235687417817939},"median":{"confidence_interval":{"confidence_level":0.95,"lower_bound":-0.009391038796303541,"upper_bound":0.0028064551416346895},"point_estimate":-0.0046039709955196795,"standard_error":0.0030404671412373138}}