{"mean":{"confidence_interval":{"confidence_level":0.95,"lower_bound":-0.022060418452996753,"upper_bound":-0.010860694709077245},"point_estimate":-0.016506447889473974,"standard_error":0.0028653047356809263},"median":{"confidence_interval":{"confidence_level":0.95,"lower_bound":-0.022348444262002182,"upper_bound":-0.006976603128047043},"point_estimate":-0.014886334381604915,"standard_error":0.003923651293643452}}