{"mean":{"confidence_interval":{"confidence_level":0.95,"lower_bound":0.0005651389373976749,"upper_bound":0.013423779114893012},"point_estimate":0.007176599141455187,"standard_error":0.0032856292808587668},"median":{"confidence_interval":{"confidence_level":0.95,"lower_bound":0.005209936754748679,"upper_bound":0.016671383393185746},"point_estimate":0.010270522212364463,"standard_error":0.003186340545782375}}