{"mean":{"confidence_interval":{"confidence_level":0.95,"lower_bound":-0.04340949909917204,"upper_bound":-0.03111150113149063},"point_estimate":-0.03716165722991649,"standard_error":0.003109806592293516},"median":{"confidence_interval":{"confidence_level":0.95,"lower_bound":-0.04102776918949269,"upper_bound":-0.028668078339346814},"point_estimate":-0.03542159821513924,"standard_error":0.003234063986840972}}