{"mean":{"confidence_interval":{"confidence_level":0.95,"lower_bound":-0.011019257505768694,"upper_bound":-0.00017020045501447574},"point_estimate":-0.005593513459635213,"standard_error":0.0027642112983985814},"median":{"confidence_interval":{"confidence_level":0.95,"lower_bound":-0.009981313548039366,"upper_bound":-0.00030498468232909026},"point_estimate":-0.005810930602392239,"standard_error":0.0024534858259265746}}