{"mean":{"confidence_interval":{"confidence_level":0.95,"lower_bound":4123789.9317083326,"upper_bound":4149020.9048541654},"point_estimate":4136454.001666668,"standard_error":6438.034197024097},"median":{"confidence_interval":{"confidence_level":0.95,"lower_bound":4123169.125,"upper_bound":4146539.6666666665},"point_estimate":4132535.875,"standard_error":5741.797834119474},"median_abs_dev":{"confidence_interval":{"confidence_level":0.95,"lower_bound":53381.81512728379,"upper_bound":90530.95201775478},"point_estimate":68760.6393292544,"standard_error":9386.735057228003},"slope":null,"std_dev":{"confidence_interval":{"confidence_level":0.95,"lower_bound":56843.325789853654,"upper_bound":71782.2019249144},"point_estimate":64824.60666855942,"standard_error":3805.3962222170394}}