{"mean":{"confidence_interval":{"confidence_level":0.95,"lower_bound":4032118.277384614,"upper_bound":4056014.798461538},"point_estimate":4043974.881538461,"standard_error":6110.0101086184395},"median":{"confidence_interval":{"confidence_level":0.95,"lower_bound":4015147.9615384615,"upper_bound":4055957.4615384615},"point_estimate":4041996.923076923,"standard_error":11438.63391807514},"median_abs_dev":{"confidence_interval":{"confidence_level":0.95,"lower_bound":50766.2759294882,"upper_bound":78232.35281109845},"point_estimate":62624.22456512079,"standard_error":7136.643017173373},"slope":null,"std_dev":{"confidence_interval":{"confidence_level":0.95,"lower_bound":53300.67008899375,"upper_bound":68387.376014805},"point_estimate":61311.01943879681,"standard_error":3866.3064818508888}}