{"mean":{"confidence_interval":{"confidence_level":0.95,"lower_bound":0.026456474039476152,"upper_bound":0.03292635612798434},"point_estimate":0.02969165285184916,"standard_error":0.0016403734905471351},"median":{"confidence_interval":{"confidence_level":0.95,"lower_bound":0.02651417507349163,"upper_bound":0.03274390068778921},"point_estimate":0.030028844827634016,"standard_error":0.0015943267580566611}}