{"mean":{"confidence_interval":{"confidence_level":0.95,"lower_bound":-0.017544623263427945,"upper_bound":-0.008649722378237213},"point_estimate":-0.013000835082056628,"standard_error":0.002265187386453483},"median":{"confidence_interval":{"confidence_level":0.95,"lower_bound":-0.01916342293049067,"upper_bound":-0.006742745488774071},"point_estimate":-0.012520022242247575,"standard_error":0.0032123246303487917}}