{"mean":{"confidence_interval":{"confidence_level":0.95,"lower_bound":76837437.06,"upper_bound":77298312.91},"point_estimate":77068182.55,"standard_error":117396.4488403123},"median":{"confidence_interval":{"confidence_level":0.95,"lower_bound":76869076.5,"upper_bound":77317101.0},"point_estimate":77123916.0,"standard_error":112005.4393140038},"median_abs_dev":{"confidence_interval":{"confidence_level":0.95,"lower_bound":755646.3654845953,"upper_bound":1331392.567563057},"point_estimate":1005770.6179440022,"standard_error":146684.8690989115},"slope":null,"std_dev":{"confidence_interval":{"confidence_level":0.95,"lower_bound":994402.463831712,"upper_bound":1343208.1267570765},"point_estimate":1176736.41523988,"standard_error":88735.46747263687}}