{"mean":{"confidence_interval":{"confidence_level":0.95,"lower_bound":-0.02617138592489707,"upper_bound":0.0029426671580485763},"point_estimate":-0.01553937853992482,"standard_error":0.008054904493189541},"median":{"confidence_interval":{"confidence_level":0.95,"lower_bound":-0.027514616086529053,"upper_bound":-0.015544655018566167},"point_estimate":-0.0230302574671315,"standard_error":0.003007155953792153}}