{"mean":{"confidence_interval":{"confidence_level":0.95,"lower_bound":0.03587652344633639,"upper_bound":0.0418999330344959},"point_estimate":0.038870736143834295,"standard_error":0.0015507284408488521},"median":{"confidence_interval":{"confidence_level":0.95,"lower_bound":0.033170746570711174,"upper_bound":0.03821111023003798},"point_estimate":0.03567594759323245,"standard_error":0.0013583826613518392}}