{"mean":{"confidence_interval":{"confidence_level":0.95,"lower_bound":0.012816753925567265,"upper_bound":0.02985384284103299},"point_estimate":0.021381248504407813,"standard_error":0.0043315523446471335},"median":{"confidence_interval":{"confidence_level":0.95,"lower_bound":0.017561340275170645,"upper_bound":0.024675395726174283},"point_estimate":0.020515511689879418,"standard_error":0.0018146839152386714}}