{"mean":{"confidence_interval":{"confidence_level":0.95,"lower_bound":-0.0338538139817562,"upper_bound":0.007141997676520786},"point_estimate":-0.010947787114125918,"standard_error":0.010581183026895615},"median":{"confidence_interval":{"confidence_level":0.95,"lower_bound":-0.0023167125995425804,"upper_bound":0.009600499108223925},"point_estimate":0.003968733073897335,"standard_error":0.0031218456740832318}}