{"mean":{"confidence_interval":{"confidence_level":0.95,"lower_bound":-0.017620056702892396,"upper_bound":-0.004028616437566429},"point_estimate":-0.011139198012997342,"standard_error":0.003451315221220746},"median":{"confidence_interval":{"confidence_level":0.95,"lower_bound":-0.014020525952000318,"upper_bound":-0.002371265390880506},"point_estimate":-0.007957311846026438,"standard_error":0.0028444361660915044}}