{"mean":{"confidence_interval":{"confidence_level":0.95,"lower_bound":-0.06628646782555936,"upper_bound":-0.05166340362397892},"point_estimate":-0.058876583191160514,"standard_error":0.0037205055724450187},"median":{"confidence_interval":{"confidence_level":0.95,"lower_bound":-0.06141888776578963,"upper_bound":-0.04688724519858489},"point_estimate":-0.05634441820262959,"standard_error":0.0038845973770211028}}