{"mean":{"confidence_interval":{"confidence_level":0.95,"lower_bound":-0.489606715799079,"upper_bound":-0.3896155526530389},"point_estimate":-0.44282790030842456,"standard_error":0.02553347079940944},"median":{"confidence_interval":{"confidence_level":0.95,"lower_bound":-0.5315263053561107,"upper_bound":-0.2629502337240852},"point_estimate":-0.34670432453231714,"standard_error":0.08088286395546636}}