{"mean":{"confidence_interval":{"confidence_level":0.95,"lower_bound":-0.03498037951259735,"upper_bound":0.04820271500095959},"point_estimate":0.007082512127440488,"standard_error":0.02125142105899354},"median":{"confidence_interval":{"confidence_level":0.95,"lower_bound":0.010646014753210586,"upper_bound":0.023130029265794327},"point_estimate":0.016329195987796474,"standard_error":0.0033367286891479372}}