{"mean":{"confidence_interval":{"confidence_level":0.95,"lower_bound":0.00043824322563193506,"upper_bound":0.013480392294687765},"point_estimate":0.006803931114473416,"standard_error":0.0033476130926593586},"median":{"confidence_interval":{"confidence_level":0.95,"lower_bound":-0.002116402494429792,"upper_bound":0.011237796209374151},"point_estimate":0.0033190452930880188,"standard_error":0.0038257158800182127}}