{"mean":{"confidence_interval":{"confidence_level":0.95,"lower_bound":-0.02719130743687889,"upper_bound":-0.01581645524430937},"point_estimate":-0.02144443914280425,"standard_error":0.0029076137918280717},"median":{"confidence_interval":{"confidence_level":0.95,"lower_bound":-0.026231429363781644,"upper_bound":-0.013273570407012936},"point_estimate":-0.01961994857594096,"standard_error":0.0032780266285325882}}