{"mean":{"confidence_interval":{"confidence_level":0.95,"lower_bound":4187381.3008333324,"upper_bound":4211355.247375002},"point_estimate":4198965.416666669,"standard_error":6110.309844817637},"median":{"confidence_interval":{"confidence_level":0.95,"lower_bound":4168758.25,"upper_bound":4201564.083333333},"point_estimate":4188300.416666667,"standard_error":8081.650951647376},"median_abs_dev":{"confidence_interval":{"confidence_level":0.95,"lower_bound":36572.83792570245,"upper_bound":62363.52931782603},"point_estimate":50454.48325425444,"standard_error":6836.715439888551},"slope":null,"std_dev":{"confidence_interval":{"confidence_level":0.95,"lower_bound":48813.850857056845,"upper_bound":73436.1698184393},"point_estimate":61438.149722107504,"standard_error":6323.1950945982335}}