{"mean":{"confidence_interval":{"confidence_level":0.95,"lower_bound":-0.04097962551957514,"upper_bound":-0.026559797377182733},"point_estimate":-0.033596620604220306,"standard_error":0.0036637012618191207},"median":{"confidence_interval":{"confidence_level":0.95,"lower_bound":-0.03517329875623565,"upper_bound":-0.02235883319099463},"point_estimate":-0.028062859628903314,"standard_error":0.003120458829190944}}