{"mean":{"confidence_interval":{"confidence_level":0.95,"lower_bound":-0.007453119818012869,"upper_bound":0.00637971842083551},"point_estimate":-0.0006100464093111713,"standard_error":0.0035170484343989505},"median":{"confidence_interval":{"confidence_level":0.95,"lower_bound":-0.008518740411949777,"upper_bound":0.003366500834402375},"point_estimate":-0.0015597833064195932,"standard_error":0.003232053091526169}}