{"mean":{"confidence_interval":{"confidence_level":0.95,"lower_bound":-0.014297515342420823,"upper_bound":0.004813109782911384},"point_estimate":-0.004511053223688832,"standard_error":0.004837838771411733},"median":{"confidence_interval":{"confidence_level":0.95,"lower_bound":-0.011743662775084984,"upper_bound":0.0027217503706913337},"point_estimate":-0.004716642926416492,"standard_error":0.0036367264227187414}}