{"mean":{"confidence_interval":{"confidence_level":0.95,"lower_bound":-0.0754925024159184,"upper_bound":-0.05459229391244041},"point_estimate":-0.06520309983526973,"standard_error":0.005294885369456272},"median":{"confidence_interval":{"confidence_level":0.95,"lower_bound":-0.07377955081932863,"upper_bound":-0.05854082753747403},"point_estimate":-0.06693791842326002,"standard_error":0.004064192047747737}}