{"mean":{"confidence_interval":{"confidence_level":0.95,"lower_bound":-0.017370356011553623,"upper_bound":0.01664177677949756},"point_estimate":-0.0008962135759094103,"standard_error":0.008520158915996766},"median":{"confidence_interval":{"confidence_level":0.95,"lower_bound":-0.011690777092509097,"upper_bound":-0.00015094647993097986},"point_estimate":-0.004180228018874299,"standard_error":0.0029503181377716595}}