{"mean":{"confidence_interval":{"confidence_level":0.95,"lower_bound":-0.03695111986530753,"upper_bound":0.045251013176802794},"point_estimate":0.0038985357929459674,"standard_error":0.0207558815196771},"median":{"confidence_interval":{"confidence_level":0.95,"lower_bound":0.003171766529089126,"upper_bound":0.018557225262341825},"point_estimate":0.011158181700702041,"standard_error":0.003780782943307534}}