{"mean":{"confidence_interval":{"confidence_level":0.95,"lower_bound":-0.027406049308253178,"upper_bound":-0.011353951741005387},"point_estimate":-0.019822564255342345,"standard_error":0.004060775423439003},"median":{"confidence_interval":{"confidence_level":0.95,"lower_bound":-0.02293974098438778,"upper_bound":-0.013810552245717367},"point_estimate":-0.018765142553044067,"standard_error":0.002285032117063867}}