{"mean":{"confidence_interval":{"confidence_level":0.95,"lower_bound":0.01024274398348486,"upper_bound":0.02429443417991249},"point_estimate":0.017169107754046564,"standard_error":0.00358369978451101},"median":{"confidence_interval":{"confidence_level":0.95,"lower_bound":0.011281912452811849,"upper_bound":0.023819535869590517},"point_estimate":0.018754463268840338,"standard_error":0.0032655251567301298}}