{"mean":{"confidence_interval":{"confidence_level":0.95,"lower_bound":2287611.8361956514,"upper_bound":2466504.672543478},"point_estimate":2367291.2234782614,"standard_error":46121.77228868449},"median":{"confidence_interval":{"confidence_level":0.95,"lower_bound":2230638.152173913,"upper_bound":2249921.1086956523},"point_estimate":2241392.695652174,"standard_error":4755.755901469936},"median_abs_dev":{"confidence_interval":{"confidence_level":0.95,"lower_bound":35556.21939233806,"upper_bound":58125.09749166005},"point_estimate":45730.377192471475,"standard_error":5515.371208419361},"slope":null,"std_dev":{"confidence_interval":{"confidence_level":0.95,"lower_bound":206724.95512808842,"upper_bound":649082.100881093},"point_estimate":464151.27730804397,"standard_error":109805.5189071414}}