{"mean":{"confidence_interval":{"confidence_level":0.95,"lower_bound":-0.005685294411079562,"upper_bound":0.06603820325802241},"point_estimate":0.02441547055061566,"standard_error":0.01886715932155255},"median":{"confidence_interval":{"confidence_level":0.95,"lower_bound":-0.012411483354530128,"upper_bound":0.013778254615320387},"point_estimate":-0.0025550518788536314,"standard_error":0.0072135569394450655}}