{"mean":{"confidence_interval":{"confidence_level":0.95,"lower_bound":-0.04500789725104914,"upper_bound":-0.0041982950750938716},"point_estimate":-0.0245043102792305,"standard_error":0.010388013602298839},"median":{"confidence_interval":{"confidence_level":0.95,"lower_bound":-0.04227142226605196,"upper_bound":-0.019767276882643126},"point_estimate":-0.0337701222865574,"standard_error":0.006297055331987323}}