{"mean":{"confidence_interval":{"confidence_level":0.95,"lower_bound":0.006011518015775298,"upper_bound":0.02582637492371741},"point_estimate":0.014019911849260769,"standard_error":0.005217750879935943},"median":{"confidence_interval":{"confidence_level":0.95,"lower_bound":0.005214688768890279,"upper_bound":0.011779566890429471},"point_estimate":0.008438157763691168,"standard_error":0.0016410447467375623}}