{"mean":{"confidence_interval":{"confidence_level":0.95,"lower_bound":0.0041821556604359055,"upper_bound":0.024593765796646346},"point_estimate":0.013524853896411448,"standard_error":0.005237991707664401},"median":{"confidence_interval":{"confidence_level":0.95,"lower_bound":0.0005415815094826915,"upper_bound":0.012239402613808181},"point_estimate":0.004781794155460428,"standard_error":0.003230031247493802}}