{"mean":{"confidence_interval":{"confidence_level":0.95,"lower_bound":-0.04507689458482244,"upper_bound":0.045922769853862504},"point_estimate":0.0003211507478360076,"standard_error":0.02322309359900814},"median":{"confidence_interval":{"confidence_level":0.95,"lower_bound":0.00074837477131795,"upper_bound":0.017203476225606806},"point_estimate":0.010461636745977332,"standard_error":0.004271287517667891}}