{"mean":{"confidence_interval":{"confidence_level":0.95,"lower_bound":-0.134288790223859,"upper_bound":-0.06449763134442668},"point_estimate":-0.09882650675761284,"standard_error":0.0177620473008571},"median":{"confidence_interval":{"confidence_level":0.95,"lower_bound":-0.03303029476536612,"upper_bound":-0.0086290614906766},"point_estimate":-0.019469240932749265,"standard_error":0.005995850854590984}}