{"mean":{"confidence_interval":{"confidence_level":0.95,"lower_bound":-0.0509700008158942,"upper_bound":-0.035559183319285925},"point_estimate":-0.043240235285435746,"standard_error":0.003929726597521897},"median":{"confidence_interval":{"confidence_level":0.95,"lower_bound":-0.04806990053548443,"upper_bound":-0.03655657875236676},"point_estimate":-0.0414478151333757,"standard_error":0.0030157245046294016}}