{"mean":{"confidence_interval":{"confidence_level":0.95,"lower_bound":-0.012790276196261057,"upper_bound":-0.0004055301083638156},"point_estimate":-0.006811085841705866,"standard_error":0.0031608487716734794},"median":{"confidence_interval":{"confidence_level":0.95,"lower_bound":-0.011241893837362626,"upper_bound":0.001379734980734293},"point_estimate":-0.004848830688135575,"standard_error":0.0031690987352526252}}