{"mean":{"confidence_interval":{"confidence_level":0.95,"lower_bound":-0.04694594578095433,"upper_bound":-0.03418979446746573},"point_estimate":-0.041177328696573756,"standard_error":0.0032212109515531474},"median":{"confidence_interval":{"confidence_level":0.95,"lower_bound":-0.04860069480352014,"upper_bound":-0.038418528007717945},"point_estimate":-0.04338456604330421,"standard_error":0.002558799296294036}}