{"mean":{"confidence_interval":{"confidence_level":0.95,"lower_bound":-0.03079863179078562,"upper_bound":-0.017263500096931873},"point_estimate":-0.024309891802328676,"standard_error":0.0034487059579490008},"median":{"confidence_interval":{"confidence_level":0.95,"lower_bound":-0.02802146631832356,"upper_bound":-0.01314065398115236},"point_estimate":-0.021451097193375457,"standard_error":0.003667178775802594}}