{"mean":{"confidence_interval":{"confidence_level":0.95,"lower_bound":-0.0527296213389003,"upper_bound":-0.033951163549524654},"point_estimate":-0.042627508601088104,"standard_error":0.004798912003132881},"median":{"confidence_interval":{"confidence_level":0.95,"lower_bound":-0.04754917174970362,"upper_bound":-0.03437231442063715},"point_estimate":-0.040766637982089904,"standard_error":0.0034100138297994626}}