{"mean":{"confidence_interval":{"confidence_level":0.95,"lower_bound":0.003278428464061124,"upper_bound":0.017627449100465438},"point_estimate":0.010549881372266645,"standard_error":0.00366540868387179},"median":{"confidence_interval":{"confidence_level":0.95,"lower_bound":0.00043869751067138196,"upper_bound":0.014154311159204073},"point_estimate":0.00837512454503564,"standard_error":0.003499536060701399}}