{"mean":{"confidence_interval":{"confidence_level":0.95,"lower_bound":0.01805014588501892,"upper_bound":0.1532387483171653},"point_estimate":0.06837886562508455,"standard_error":0.0379133854472943},"median":{"confidence_interval":{"confidence_level":0.95,"lower_bound":0.02615715486421144,"upper_bound":0.04370922256947796},"point_estimate":0.036619902778939784,"standard_error":0.004181365048264557}}