{"mean":{"confidence_interval":{"confidence_level":0.95,"lower_bound":-0.04007658365665828,"upper_bound":-0.0037853458297068456},"point_estimate":-0.021956257964693915,"standard_error":0.00922141067185973},"median":{"confidence_interval":{"confidence_level":0.95,"lower_bound":-0.030099205091526082,"upper_bound":-0.009617210070045346},"point_estimate":-0.022072342141727153,"standard_error":0.0055313448668404906}}