{"mean":{"confidence_interval":{"confidence_level":0.95,"lower_bound":1293888.2509928395,"upper_bound":1303071.684439926},"point_estimate":1298243.154428838,"standard_error":2346.7575068216906},"median":{"confidence_interval":{"confidence_level":0.95,"lower_bound":1289832.4981447125,"upper_bound":1297301.8444444444},"point_estimate":1294518.9588068184,"standard_error":1963.4303845229422},"median_abs_dev":{"confidence_interval":{"confidence_level":0.95,"lower_bound":12836.77169080189,"upper_bound":22573.342031495773},"point_estimate":18441.00526369808,"standard_error":2520.5565437708256},"slope":{"confidence_interval":{"confidence_level":0.95,"lower_bound":1293462.9096061618,"upper_bound":1300869.3621451813},"point_estimate":1297038.2784453968,"standard_error":1896.3187212898144},"std_dev":{"confidence_interval":{"confidence_level":0.95,"lower_bound":17147.367774510825,"upper_bound":30494.685529691},"point_estimate":23530.99461131594,"standard_error":3535.1120493577905}}