{"mean":{"confidence_interval":{"confidence_level":0.95,"lower_bound":-0.0017268791228853566,"upper_bound":0.005952736535560316},"point_estimate":0.0022923257642433192,"standard_error":0.0019503640030026396},"median":{"confidence_interval":{"confidence_level":0.95,"lower_bound":-0.003716245234511195,"upper_bound":0.007496518593871571},"point_estimate":0.0028503782371975817,"standard_error":0.0027911730054389775}}