{"mean":{"confidence_interval":{"confidence_level":0.95,"lower_bound":-0.013283428389978646,"upper_bound":-0.004763640308929671},"point_estimate":-0.00911777369707012,"standard_error":0.0021841035587305347},"median":{"confidence_interval":{"confidence_level":0.95,"lower_bound":-0.015673368489136585,"upper_bound":-0.007109365530782045},"point_estimate":-0.011799653473862692,"standard_error":0.0021587942956176674}}