{"mean":{"confidence_interval":{"confidence_level":0.95,"lower_bound":3015564.3135294113,"upper_bound":3092609.628235294},"point_estimate":3043297.4694117648,"standard_error":22709.48426913245},"median":{"confidence_interval":{"confidence_level":0.95,"lower_bound":3011916.294117647,"upper_bound":3024529.9411764704},"point_estimate":3018996.9411764704,"standard_error":3489.4587815955465},"median_abs_dev":{"confidence_interval":{"confidence_level":0.95,"lower_bound":19764.54024910927,"upper_bound":40455.17021957104},"point_estimate":28515.630199628537,"standard_error":5182.696242110667},"slope":null,"std_dev":{"confidence_interval":{"confidence_level":0.95,"lower_bound":30435.678027873928,"upper_bound":390556.8386324439},"point_estimate":229177.65611661534,"standard_error":127635.35772418961}}