{"mean":{"confidence_interval":{"confidence_level":0.95,"lower_bound":6319492.81971875,"upper_bound":6356615.370687501},"point_estimate":6337482.015,"standard_error":9490.648805419554},"median":{"confidence_interval":{"confidence_level":0.95,"lower_bound":6305273.625,"upper_bound":6340397.875},"point_estimate":6317125.375,"standard_error":9720.091027202485},"median_abs_dev":{"confidence_interval":{"confidence_level":0.95,"lower_bound":57460.75652986765,"upper_bound":101436.61766164005},"point_estimate":77575.65368525684,"standard_error":11171.116582680403},"slope":null,"std_dev":{"confidence_interval":{"confidence_level":0.95,"lower_bound":74680.1675733838,"upper_bound":116348.3207088029},"point_estimate":95172.46627489345,"standard_error":10804.818832949519}}