{"mean":{"confidence_interval":{"confidence_level":0.95,"lower_bound":-0.022437527008846332,"upper_bound":-0.009135008480808383},"point_estimate":-0.015854541918443155,"standard_error":0.003434305985774911},"median":{"confidence_interval":{"confidence_level":0.95,"lower_bound":-0.026057997083552942,"upper_bound":-0.01310082037829981},"point_estimate":-0.020499120079501387,"standard_error":0.00319613241507273}}