{"mean":{"confidence_interval":{"confidence_level":0.95,"lower_bound":0.010007946603882663,"upper_bound":0.024352053735708465},"point_estimate":0.017649376679171658,"standard_error":0.0036479555427226824},"median":{"confidence_interval":{"confidence_level":0.95,"lower_bound":0.016498093021247273,"upper_bound":0.025081347058867998},"point_estimate":0.020554860337692826,"standard_error":0.0021557610463404566}}