{"mean":{"confidence_interval":{"confidence_level":0.95,"lower_bound":0.005746080859050772,"upper_bound":0.024888372173004675},"point_estimate":0.015223458000823253,"standard_error":0.00485502190817402},"median":{"confidence_interval":{"confidence_level":0.95,"lower_bound":-0.004299124447266434,"upper_bound":0.019554316187596177},"point_estimate":0.006178641556970232,"standard_error":0.005976228468070983}}