{"mean":{"confidence_interval":{"confidence_level":0.95,"lower_bound":-0.047596775632949014,"upper_bound":-0.035378990974676054},"point_estimate":-0.04162530640361717,"standard_error":0.003106758405461358},"median":{"confidence_interval":{"confidence_level":0.95,"lower_bound":-0.04909897784163027,"upper_bound":-0.03656528846094231},"point_estimate":-0.044373771418370844,"standard_error":0.003200386166673381}}