{"mean":{"confidence_interval":{"confidence_level":0.95,"lower_bound":0.0004606968412644744,"upper_bound":0.012138297632673689},"point_estimate":0.0066061661544316586,"standard_error":0.002983157246934351},"median":{"confidence_interval":{"confidence_level":0.95,"lower_bound":0.00036012473002111633,"upper_bound":0.019624950643620354},"point_estimate":0.009630301195707958,"standard_error":0.004731786156264618}}