{"mean":{"confidence_interval":{"confidence_level":0.95,"lower_bound":-0.026444085131573713,"upper_bound":-0.015081253451253569},"point_estimate":-0.020715083636394183,"standard_error":0.0028847228937318374},"median":{"confidence_interval":{"confidence_level":0.95,"lower_bound":-0.025695829740202458,"upper_bound":-0.011091508245140713},"point_estimate":-0.0185065983521866,"standard_error":0.0038975879785310367}}