{"mean":{"confidence_interval":{"confidence_level":0.95,"lower_bound":-0.07082838996963532,"upper_bound":-0.0526162400915211},"point_estimate":-0.06176867876174186,"standard_error":0.00464857539085267},"median":{"confidence_interval":{"confidence_level":0.95,"lower_bound":-0.06793229288822755,"upper_bound":-0.05110210268399573},"point_estimate":-0.058943776727894304,"standard_error":0.004290577358521044}}