{"mean":{"confidence_interval":{"confidence_level":0.95,"lower_bound":0.0018543400488896546,"upper_bound":0.020730143281552028},"point_estimate":0.011004095096357913,"standard_error":0.004852091613834618},"median":{"confidence_interval":{"confidence_level":0.95,"lower_bound":0.002729732113588179,"upper_bound":0.015638297487460484},"point_estimate":0.009764860543448606,"standard_error":0.0033456295010010463}}