{"mean":{"confidence_interval":{"confidence_level":0.95,"lower_bound":4195117.780187502,"upper_bound":4213195.608791668},"point_estimate":4203908.679166669,"standard_error":4605.374594549356},"median":{"confidence_interval":{"confidence_level":0.95,"lower_bound":4185304.375,"upper_bound":4204789.75},"point_estimate":4195280.625,"standard_error":5172.227139478771},"median_abs_dev":{"confidence_interval":{"confidence_level":0.95,"lower_bound":24586.387788504133,"upper_bound":45303.33018383054},"point_estimate":34115.18136933446,"standard_error":5385.815191814615},"slope":null,"std_dev":{"confidence_interval":{"confidence_level":0.95,"lower_bound":37531.66539821383,"upper_bound":54767.71884767596},"point_estimate":46361.844652097556,"standard_error":4409.355241902902}}