{"mean":{"confidence_interval":{"confidence_level":0.95,"lower_bound":-0.0012888145703724035,"upper_bound":0.010381391732555817},"point_estimate":0.00427127681932693,"standard_error":0.0029600059815266086},"median":{"confidence_interval":{"confidence_level":0.95,"lower_bound":-0.001235376514518438,"upper_bound":0.013050208827638299},"point_estimate":0.005781453189976027,"standard_error":0.0036725126958099463}}