{"mean":{"confidence_interval":{"confidence_level":0.95,"lower_bound":-0.04717057559601204,"upper_bound":-0.03630596878928072},"point_estimate":-0.04196801294872765,"standard_error":0.0027522020365687945},"median":{"confidence_interval":{"confidence_level":0.95,"lower_bound":-0.04814664571860072,"upper_bound":-0.03861279274875862},"point_estimate":-0.04355007023231061,"standard_error":0.0023383480544001325}}