{"mean":{"confidence_interval":{"confidence_level":0.95,"lower_bound":-0.006472214458057707,"upper_bound":0.019039907575594577},"point_estimate":0.006693949037777092,"standard_error":0.006574757986590695},"median":{"confidence_interval":{"confidence_level":0.95,"lower_bound":-0.011464545589767615,"upper_bound":0.005453158023567717},"point_estimate":-0.005400490963781923,"standard_error":0.004409342593054911}}