{"mean":{"confidence_interval":{"confidence_level":0.95,"lower_bound":-0.0179284032887846,"upper_bound":-0.006862800464372734},"point_estimate":-0.012410483278191276,"standard_error":0.0028180531023133766},"median":{"confidence_interval":{"confidence_level":0.95,"lower_bound":-0.016471944689455564,"upper_bound":-0.0027208863383981763},"point_estimate":-0.00817935702626249,"standard_error":0.0035097731151672203}}