{"mean":{"confidence_interval":{"confidence_level":0.95,"lower_bound":2867597.0200263183,"upper_bound":3049916.4287894736},"point_estimate":2950046.159473685,"standard_error":46832.6742592034},"median":{"confidence_interval":{"confidence_level":0.95,"lower_bound":2788242.6842105263,"upper_bound":2824930.2894736845},"point_estimate":2806940.947368421,"standard_error":10156.117381034472},"median_abs_dev":{"confidence_interval":{"confidence_level":0.95,"lower_bound":55108.86527425346,"upper_bound":94537.28503741676},"point_estimate":77136.00914635151,"standard_error":9997.443754058508},"slope":null,"std_dev":{"confidence_interval":{"confidence_level":0.95,"lower_bound":254394.572941066,"upper_bound":657373.7884081814},"point_estimate":469664.921588754,"standard_error":103959.9005569564}}