{"mean":{"confidence_interval":{"confidence_level":0.95,"lower_bound":2740458.0359722218,"upper_bound":2772170.6928055575},"point_estimate":2755075.3222222216,"standard_error":8080.573538629975},"median":{"confidence_interval":{"confidence_level":0.95,"lower_bound":2733153.277777778,"upper_bound":2757844.6666666665},"point_estimate":2749086.8055555555,"standard_error":6324.491881590734},"median_abs_dev":{"confidence_interval":{"confidence_level":0.95,"lower_bound":43941.62748654687,"upper_bound":71202.3167525728},"point_estimate":55026.821573078516,"standard_error":6915.134689636797},"slope":null,"std_dev":{"confidence_interval":{"confidence_level":0.95,"lower_bound":51676.93014449148,"upper_bound":114802.96737275555},"point_estimate":81350.89591078709,"standard_error":18219.732370452493}}