{"mean":{"confidence_interval":{"confidence_level":0.95,"lower_bound":2191044.078673912,"upper_bound":2211919.1918804357},"point_estimate":2201299.5404347824,"standard_error":5331.322433098533},"median":{"confidence_interval":{"confidence_level":0.95,"lower_bound":2174099.434782609,"upper_bound":2208590.1739130435},"point_estimate":2192022.0217391304,"standard_error":9334.314401190524},"median_abs_dev":{"confidence_interval":{"confidence_level":0.95,"lower_bound":44274.109483543085,"upper_bound":74034.62882910082},"point_estimate":60439.05814873134,"standard_error":8148.364906703598},"slope":null,"std_dev":{"confidence_interval":{"confidence_level":0.95,"lower_bound":47060.53568115538,"upper_bound":59305.71898005745},"point_estimate":53642.30885858327,"standard_error":3119.2364946946254}}