{"mean":{"confidence_interval":{"confidence_level":0.95,"lower_bound":0.01603658984078955,"upper_bound":0.02585795217168562},"point_estimate":0.020717848785274606,"standard_error":0.002472212987252242},"median":{"confidence_interval":{"confidence_level":0.95,"lower_bound":0.017320947553981725,"upper_bound":0.026887413629913537},"point_estimate":0.022225227717552087,"standard_error":0.0023678788139247244}}