{"mean":{"confidence_interval":{"confidence_level":0.95,"lower_bound":-0.020847711157032236,"upper_bound":-0.007563534018986793},"point_estimate":-0.014189105823761983,"standard_error":0.0034312549632818795},"median":{"confidence_interval":{"confidence_level":0.95,"lower_bound":-0.021412370967182737,"upper_bound":-0.007821651804898244},"point_estimate":-0.014306079993260057,"standard_error":0.003761776201450997}}