{"mean":{"confidence_interval":{"confidence_level":0.95,"lower_bound":2216824.3403478265,"upper_bound":2230074.224902172},"point_estimate":2223318.4182608686,"standard_error":3387.8723962059903},"median":{"confidence_interval":{"confidence_level":0.95,"lower_bound":2212746.086956522,"upper_bound":2228251.5869565215},"point_estimate":2218554.4347826084,"standard_error":3970.6592283425452},"median_abs_dev":{"confidence_interval":{"confidence_level":0.95,"lower_bound":22109.110955310665,"upper_bound":41977.8844286565},"point_estimate":28864.44881364102,"standard_error":5083.005816826722},"slope":null,"std_dev":{"confidence_interval":{"confidence_level":0.95,"lower_bound":28217.090833548773,"upper_bound":39181.92168328954},"point_estimate":34011.45313851179,"standard_error":2799.0258919516205}}