{"mean":{"confidence_interval":{"confidence_level":0.95,"lower_bound":3087811.4725312497,"upper_bound":3099444.871484375},"point_estimate":3093473.803125,"standard_error":2970.6164042463242},"median":{"confidence_interval":{"confidence_level":0.95,"lower_bound":3086857.78125,"upper_bound":3095827.1875},"point_estimate":3091022.46875,"standard_error":2194.209671006758},"median_abs_dev":{"confidence_interval":{"confidence_level":0.95,"lower_bound":17245.45231726952,"upper_bound":30114.987646602094},"point_estimate":22695.872053317726,"standard_error":3272.42867699025},"slope":null,"std_dev":{"confidence_interval":{"confidence_level":0.95,"lower_bound":24291.688475920553,"upper_bound":35466.099864182244},"point_estimate":29831.77747225645,"standard_error":2869.4521983803065}}