{"mean":{"confidence_interval":{"confidence_level":0.95,"lower_bound":-0.01537253438581986,"upper_bound":0.004271302025374375},"point_estimate":-0.006302994445789856,"standard_error":0.005149528824377547},"median":{"confidence_interval":{"confidence_level":0.95,"lower_bound":-0.016671562284286935,"upper_bound":-0.003613834139778338},"point_estimate":-0.008942374584259727,"standard_error":0.003366013749710807}}