{"mean":{"confidence_interval":{"confidence_level":0.95,"lower_bound":0.03765399556130664,"upper_bound":0.062289966535276575},"point_estimate":0.049488071593047245,"standard_error":0.006191484353086683},"median":{"confidence_interval":{"confidence_level":0.95,"lower_bound":0.04455386395603922,"upper_bound":0.060558343457882025},"point_estimate":0.05269342280730127,"standard_error":0.004083424879608779}}