{"mean":{"confidence_interval":{"confidence_level":0.95,"lower_bound":-0.0025503574388836903,"upper_bound":0.005336407660524098},"point_estimate":0.0013318088522908944,"standard_error":0.0020002285046073318},"median":{"confidence_interval":{"confidence_level":0.95,"lower_bound":-0.003456577651175685,"upper_bound":0.005468887121793223},"point_estimate":0.0015767781919848733,"standard_error":0.002245408560873206}}