{"mean":{"confidence_interval":{"confidence_level":0.95,"lower_bound":-0.009735343805299074,"upper_bound":0.016530541503052717},"point_estimate":-0.0005153557175813228,"standard_error":0.007436855044324185},"median":{"confidence_interval":{"confidence_level":0.95,"lower_bound":-0.011007264720445997,"upper_bound":-0.006789058655747068},"point_estimate":-0.009915759898813437,"standard_error":0.001050609144888536}}